revenus,dettes,historique_paiement,type_contrat,solvable
4007,1169,Mauvais,CDI,0
3665,5951,Moyen,CDI,1
2015,2096,Mauvais,CDD,0
3681,7882,Moyen,CDI,0
3766,4870,Mauvais,CDI,0
1695,9055,Moyen,CDD,0
3816,2835,Moyen,CDI,1
4316,6948,Moyen,Freelance,0
2019,3059,Moyen,CDD,0
4110,5234,Mauvais,Freelance,0
3733,1295,Moyen,CDI,1
3347,4308,Moyen,CDI,1
3602,1567,Moyen,CDI,1
1899,1199,Mauvais,CDD,0
3450,1403,Moyen,CDI,1
1968,1282,Moyen,CDD,1
4038,2424,Mauvais,CDI,0
3766,8072,Bon,CDI,1
4353,12579,Moyen,Freelance,0
3750,3430,Moyen,CDI,1
3811,2134,Mauvais,CDI,0
3836,2647,Moyen,CDI,1
1900,2241,Mauvais,CDD,0
4019,1804,Mauvais,CDI,1
3603,2069,Mauvais,CDI,0
1701,1374,Moyen,CDD,1
1947,426,Bon,CDD,1
4090,409,Bon,CDI,1
3884,2415,Moyen,CDI,1
3903,6836,Mauvais,CDI,0
3950,1913,Moyen,CDI,1
3780,4020,Moyen,CDI,1
3539,5866,Moyen,CDI,1
2347,1264,Mauvais,CDD,0
4396,1474,Moyen,Freelance,1
1868,4746,Mauvais,CDD,0
3869,6110,Mauvais,CDI,0
3585,2100,Moyen,CDI,1
3939,1225,Moyen,CDI,1
3280,458,Moyen,CDI,1
3966,2333,Moyen,Freelance,1
3563,1158,Moyen,CDI,1
2107,6204,Mauvais,CDD,0
3575,6187,Mauvais,CDI,0
1803,6143,Mauvais,CDD,0
4091,1393,Mauvais,Freelance,0
3830,2299,Moyen,CDI,1
764,1352,Moyen,Sans emploi,0
2034,7228,Mauvais,CDD,0
3411,2073,Moyen,CDI,1
2011,2333,Mauvais,CDD,0
4254,5965,Mauvais,Freelance,0
3702,1262,Moyen,CDI,1
3873,3378,Moyen,CDI,1
3789,2225,Mauvais,CDI,0
1835,783,Bon,CDD,1
4100,6468,Moyen,Freelance,0
3926,9566,Mauvais,CDI,0
4117,1961,Moyen,Freelance,1
1616,6229,Mauvais,CDD,0
3694,1391,Moyen,CDI,1
4215,1537,Mauvais,CDI,0
4215,1953,Bon,Freelance,1
3751,14421,Bon,CDI,0
3691,3181,Moyen,CDI,1
4175,5190,Moyen,CDI,0
3496,2171,Moyen,CDI,1
3431,1007,Moyen,CDI,1
3724,1819,Moyen,CDI,1
3545,2394,Moyen,CDI,1
3805,8133,Moyen,CDI,0
2191,730,Mauvais,CDD,0
4261,1164,Mauvais,Freelance,0
2000,5954,Mauvais,CDD,0
4237,1977,Moyen,Freelance,1
4212,1526,Mauvais,Freelance,0
3626,3965,Moyen,CDI,1
3852,4771,Mauvais,CDI,0
2074,9436,Bon,CDD,1
3722,3832,Moyen,CDI,1
3600,5943,Moyen,CDI,1
3761,1213,Moyen,CDI,1
1634,1568,Moyen,CDD,1
1854,1755,Moyen,CDD,1
2280,2315,Moyen,CDD,0
4133,1412,Mauvais,Freelance,0
3433,1295,Mauvais,CDI,0
4076,12612,Moyen,CDI,0
3862,2249,Moyen,Freelance,1
3458,1108,Bon,CDI,1
4238,618,Mauvais,CDI,1
4302,1409,Mauvais,CDI,0
2056,797,Mauvais,CDD,0
3618,3617,Mauvais,CDI,0
3998,1318,Moyen,CDI,1
4148,15945,Bon,CDI,0
4304,2012,Mauvais,CDI,0
3640,2622,Moyen,CDI,1
3480,2337,Mauvais,CDI,0
3887,7057,Mauvais,Freelance,0
1839,1469,Moyen,CDD,1
3460,2323,Moyen,CDI,1
3292,932,Mauvais,CDI,0
3472,1919,Mauvais,CDI,0
3792,2445,Moyen,CDI,1
4296,11938,Mauvais,Freelance,0
4463,6458,Bon,Freelance,1
3478,6078,Moyen,CDI,1
3896,7721,Moyen,CDI,0
3886,1410,Moyen,CDI,1
3369,1449,Mauvais,CDI,0
3462,392,Moyen,CDI,1
2142,6260,Moyen,CDD,0
3672,7855,Mauvais,CDI,0
3817,1680,Moyen,CDI,1
3811,3578,Mauvais,CDI,0
3814,7174,Moyen,Freelance,0
3858,2132,Mauvais,CDI,0
3705,4281,Mauvais,CDI,0
4434,2366,Mauvais,Freelance,0
3515,1835,Moyen,CDI,1
4473,3868,Mauvais,Freelance,0
1715,1768,Moyen,CDD,1
4329,781,Mauvais,CDI,0
3711,1924,Moyen,CDI,1
3580,2121,Mauvais,CDI,0
1870,701,Moyen,CDD,1
3890,639,Moyen,CDI,1
3875,1860,Mauvais,Freelance,0
3859,3499,Mauvais,CDI,0
3419,8487,Moyen,CDI,0
3577,6887,Mauvais,CDI,0
1720,2708,Moyen,CDD,0
4182,1984,Moyen,CDI,1
3771,10144,Moyen,CDI,0
4043,1240,Mauvais,CDI,1
3332,8613,Mauvais,CDI,0
2385,766,Moyen,CDD,1
3764,2728,Mauvais,CDI,1
2050,1881,Moyen,CDD,1
705,709,Moyen,Sans emploi,0
4147,4795,Moyen,Freelance,1
4242,3416,Moyen,Freelance,1
3460,2462,Moyen,CDI,1
3434,2288,Mauvais,CDI,0
3574,3566,Bon,CDI,1
3869,860,Mauvais,CDI,0
4041,682,Mauvais,CDI,0
3602,5371,Mauvais,CDI,0
3848,1582,Mauvais,CDI,0
3888,1346,Moyen,CDI,1
3925,1924,Moyen,CDI,1
3670,5848,Moyen,CDI,1
3652,7758,Mauvais,CDI,0
4084,6967,Mauvais,Freelance,0
3433,1282,Moyen,CDI,1
3993,1288,Mauvais,CDI,0
2196,339,Bon,CDD,1
3702,3512,Moyen,CDI,1
1782,1898,Mauvais,CDD,0
3936,2872,Mauvais,CDI,0
3791,1055,Mauvais,CDI,0
4003,1262,Moyen,CDI,1
4467,7308,Moyen,Freelance,1
3949,909,Moyen,CDI,1
3765,2978,Moyen,CDI,1
3781,1131,Moyen,CDI,1
3312,1577,Moyen,CDI,1
3355,3972,Moyen,CDI,1
3477,1935,Mauvais,CDI,0
3396,950,Bon,CDI,1
3509,763,Moyen,CDI,1
4405,2064,Mauvais,Freelance,0
3619,1414,Moyen,CDI,1
3674,3414,Mauvais,CDI,0
4432,7485,Bon,Freelance,1
3659,2577,Moyen,CDI,1
3732,338,Mauvais,CDI,0
4225,1963,Moyen,Freelance,1
4121,571,Mauvais,CDI,1
3758,9572,Mauvais,CDI,0
4002,4455,Mauvais,Freelance,0
1883,1647,Bon,CDD,1
3772,3777,Mauvais,CDI,0
3840,884,Mauvais,CDI,0
3658,1360,Mauvais,CDI,1
4519,5129,Bon,Freelance,1
500,1175,Mauvais,Sans emploi,0
3710,674,Moyen,CDI,1
3538,3244,Bon,CDI,1
4240,4591,Moyen,Freelance,1
1793,3844,Bon,CDD,1
3626,3915,Moyen,CDI,1
3660,2108,Moyen,CDI,1
3678,3031,Moyen,CDI,1
4188,1501,Mauvais,Freelance,0
3722,1382,Mauvais,CDI,1
3650,951,Moyen,CDI,1
3950,2760,Moyen,CDI,1
4046,4297,Mauvais,Freelance,0
3827,936,Mauvais,CDI,0
2123,1168,Moyen,CDD,1
3840,5117,Mauvais,CDI,0
3552,902,Moyen,CDI,1
2162,1495,Mauvais,CDD,0
4030,10623,Mauvais,Freelance,0
3959,1935,Mauvais,CDI,0
3587,1424,Mauvais,CDI,0
1867,6568,Moyen,CDD,0
3868,1413,Moyen,CDI,1
3740,3074,Mauvais,CDI,0
2296,3835,Moyen,CDD,0
3651,5293,Bon,CDI,1
4463,1908,Mauvais,Freelance,0
3918,3342,Mauvais,CDI,0
2147,932,Mauvais,CDD,0
3401,3104,Bon,CDI,1
3404,3913,Moyen,CDI,1
1628,3021,Moyen,CDD,0
4092,1364,Moyen,CDI,1
1728,625,Moyen,CDD,1
3452,1200,Moyen,CDI,1
3480,707,Moyen,CDI,1
3783,2978,Mauvais,CDI,0
3501,4657,Moyen,CDI,1
3358,2613,Bon,CDI,1
3424,10961,Moyen,CDI,0
4616,7865,Moyen,Freelance,0
3649,1478,Moyen,CDI,1
3651,3149,Moyen,CDI,1
3393,4210,Moyen,CDI,1
2008,2507,Moyen,CDD,1
3651,2141,Moyen,CDI,1
1736,866,Moyen,CDD,1
2219,1544,Mauvais,CDD,0
4272,1823,Moyen,Freelance,1
500,14555,Moyen,Sans emploi,0
1957,2767,Moyen,CDD,0
3762,1291,Mauvais,CDI,0
3647,2522,Moyen,CDI,1
3495,915,Moyen,CDI,1
4244,1595,Moyen,CDI,1
3657,4605,Bon,CDI,1
3581,1185,Mauvais,CDI,0
2178,3447,Bon,CDD,1
3666,1258,Moyen,CDI,1
3814,717,Mauvais,CDI,0
3619,1204,Bon,CDI,1
3690,1925,Moyen,CDI,1
3262,433,Moyen,CDI,1
2154,666,Mauvais,CDD,0
2199,2251,Moyen,CDD,0
3634,2150,Moyen,CDI,1
3446,4151,Mauvais,CDI,0
3297,2030,Moyen,CDI,1
1864,7418,Mauvais,CDD,0
2039,2684,Mauvais,CDD,0
3897,2149,Bon,CDI,1
3682,3812,Moyen,CDI,1
2067,1154,Mauvais,CDD,0
3331,1657,Moyen,CDI,1
3950,1603,Moyen,CDI,1
4136,5302,Mauvais,Freelance,0
2068,2748,Mauvais,CDD,0
2140,1231,Mauvais,CDD,0
3907,802,Moyen,CDI,1
3955,6304,Mauvais,CDI,0
4016,1533,Moyen,CDI,1
4141,8978,Moyen,Freelance,0
3323,999,Moyen,CDI,1
3891,2662,Moyen,CDI,1
3471,1402,Mauvais,CDI,0
4031,12169,Bon,Freelance,0
3539,3060,Moyen,CDI,1
1827,11998,Moyen,CDD,0
3856,2697,Moyen,CDI,1
3335,2404,Mauvais,CDI,0
2117,1262,Moyen,CDD,1
3897,4611,Moyen,CDI,1
3888,1901,Moyen,Freelance,1
3281,3368,Mauvais,CDI,0
3929,1574,Moyen,CDI,1
2093,1445,Bon,CDD,1
4341,1520,Mauvais,CDI,1
3756,3878,Mauvais,CDI,0
1855,10722,Moyen,CDD,0
3388,4788,Moyen,CDI,1
3925,7582,Mauvais,Freelance,0
3825,1092,Moyen,CDI,1
3872,1024,Mauvais,CDI,0
3450,1076,Moyen,CDI,1
4035,9398,Moyen,Freelance,0
4262,6419,Mauvais,Freelance,0
3867,4796,Mauvais,CDI,0
3977,7629,Mauvais,Freelance,0
3855,9960,Moyen,CDI,0
3769,4675,Moyen,CDI,1
2047,1287,Moyen,CDD,1
3832,2515,Moyen,CDI,1
3534,2745,Mauvais,CDI,0
689,672,Moyen,Sans emploi,0
3915,3804,Bon,CDI,1
1788,1344,Mauvais,CDD,0
4027,1038,Mauvais,CDI,1
3805,10127,Mauvais,CDI,0
3570,1543,Moyen,CDI,1
1658,4811,Moyen,CDD,0
2141,727,Moyen,CDD,0
3797,1237,Moyen,CDI,1
2017,276,Moyen,CDD,1
724,5381,Moyen,Sans emploi,0
3780,5511,Moyen,CDI,1
3325,3749,Moyen,CDI,1
1644,685,Moyen,CDD,1
1965,1494,Moyen,CDD,1
3876,2746,Bon,CDI,1
2089,708,Moyen,CDD,1
2210,4351,Moyen,CDD,0
3522,701,Mauvais,CDI,0
1726,3643,Mauvais,CDD,0
4133,4249,Mauvais,Freelance,0
3430,1938,Moyen,CDI,1
4414,2910,Moyen,Freelance,1
3509,2659,Moyen,CDI,1
3564,1028,Mauvais,CDI,0
1844,3398,Mauvais,CDD,0
3948,5801,Mauvais,CDI,0
3979,1525,Moyen,CDI,1
3706,4473,Moyen,CDI,1
3624,1068,Moyen,CDI,1
4303,6615,Mauvais,Freelance,0
3793,1864,Mauvais,CDI,0
4003,7408,Moyen,Freelance,0
1672,11590,Mauvais,CDD,0
3816,4110,Bon,CDI,1
3944,3384,Mauvais,Freelance,0
1717,2101,Moyen,CDD,1
3455,1275,Moyen,CDI,1
3669,4169,Moyen,CDI,1
1701,1521,Moyen,CDD,1
3528,5743,Mauvais,CDI,0
1999,3599,Moyen,CDD,0
3380,3213,Moyen,CDI,1
3949,4439,Moyen,Freelance,1
1742,3949,Moyen,CDD,0
2060,1459,Mauvais,CDD,0
3718,882,Mauvais,CDI,0
500,3758,Moyen,Sans emploi,0
1796,1743,Mauvais,CDD,0
3772,1136,Mauvais,CDI,0
3302,1236,Moyen,CDI,1
3847,959,Moyen,CDI,1
3975,3229,Mauvais,Freelance,0
3437,6199,Bon,CDI,1
4149,727,Moyen,CDI,1
2102,1246,Moyen,CDD,1
3871,2331,Mauvais,CDI,0
4031,4463,Mauvais,Freelance,0
3508,776,Moyen,CDI,1
3691,2406,Moyen,CDI,1
4395,1239,Moyen,CDI,1
4116,3399,Moyen,Freelance,1
3515,2247,Mauvais,CDI,0
3368,1766,Moyen,CDI,1
634,2473,Moyen,Sans emploi,0
3525,1542,Moyen,CDI,1
3589,3850,Mauvais,CDI,0
3449,3650,Moyen,CDI,1
3598,3446,Moyen,CDI,1
3546,3001,Moyen,CDI,1
3533,3079,Moyen,CDI,1
3847,6070,Mauvais,CDI,0
3448,2146,Mauvais,CDI,0
4347,13756,Mauvais,Freelance,0
4573,14782,Bon,Freelance,0
3886,7685,Bon,CDI,1
3750,2320,Mauvais,CDI,0
3990,846,Mauvais,CDI,0
4358,14318,Moyen,Freelance,0
2013,362,Mauvais,CDD,0
3841,2212,Moyen,CDI,1
3902,12976,Moyen,Freelance,0
3796,1283,Moyen,CDI,1
3389,1330,Moyen,CDI,1
1809,4272,Mauvais,CDD,0
3497,2238,Mauvais,CDI,0
3656,1126,Moyen,CDI,1
4224,7374,Mauvais,Freelance,0
3820,2326,Mauvais,CDI,0
3320,1449,Moyen,CDI,1
4135,1820,Moyen,Freelance,1
1852,983,Moyen,CDD,1
4386,3249,Moyen,Freelance,0
3524,1957,Mauvais,CDI,0
4284,2406,Mauvais,Freelance,0
3759,11760,Mauvais,CDI,0
4594,2578,Moyen,Freelance,1
4016,2348,Mauvais,CDI,0
3857,1223,Moyen,CDI,1
2291,1516,Mauvais,CDD,0
3901,1473,Moyen,CDI,1
3487,1887,Mauvais,CDI,0
3347,8648,Mauvais,CDI,0
2190,802,Mauvais,CDD,0
3829,2899,Mauvais,CDI,0
3626,2039,Moyen,CDI,1
3556,2197,Mauvais,CDI,0
3606,1053,Moyen,CDI,1
4012,3235,Moyen,Freelance,1
3818,939,Mauvais,CDI,0
3234,1967,Moyen,CDI,1
3939,7253,Mauvais,Freelance,0
4337,2292,Mauvais,Freelance,0
1814,1597,Moyen,CDD,0
3620,1381,Moyen,CDI,1
3925,5842,Mauvais,CDI,0
2157,2579,Moyen,CDD,1
3319,8471,Mauvais,CDI,0
4222,2782,Moyen,Freelance,1
3770,1042,Moyen,CDI,1
3619,3186,Moyen,CDI,1
3626,2028,Moyen,CDI,1
2128,958,Mauvais,CDD,0
4296,1591,Mauvais,Freelance,0
3466,2762,Moyen,CDI,1
3313,2779,Moyen,CDI,1
3882,2743,Mauvais,CDI,0
3685,1149,Mauvais,CDI,0
3389,1313,Moyen,CDI,1
500,1190,Mauvais,Sans emploi,0
2238,3448,Moyen,CDD,0
4314,11328,Moyen,Freelance,0
4138,1872,Mauvais,Freelance,0
3611,2058,Mauvais,CDI,0
3547,2136,Moyen,CDI,1
3336,1484,Moyen,CDI,1
2210,660,Moyen,CDD,1
3796,1287,Mauvais,CDI,1
596,3394,Mauvais,Sans emploi,0
500,609,Bon,Sans emploi,0
4066,1884,Moyen,Freelance,1
3745,1620,Moyen,CDI,1
3779,2629,Mauvais,CDI,0
1937,719,Moyen,CDD,1
3875,5096,Mauvais,Freelance,0
1969,1244,Mauvais,CDD,0
3864,1842,Moyen,CDI,1
3808,2576,Moyen,CDI,1
4613,1424,Moyen,Freelance,1
4320,1512,Mauvais,CDI,0
4166,11054,Mauvais,Freelance,0
3478,518,Moyen,CDI,1
3478,2759,Bon,CDI,1
3948,2670,Moyen,Freelance,1
3760,4817,Moyen,CDI,1
3814,2679,Moyen,Freelance,1
3908,3905,Mauvais,CDI,0
3908,3386,Moyen,CDI,1
3869,343,Moyen,CDI,1
3530,4594,Moyen,CDI,1
3598,3620,Moyen,CDI,1
4008,1721,Moyen,CDI,1
3878,3017,Moyen,Freelance,1
3578,754,Moyen,CDI,1
3451,1950,Moyen,CDI,1
4030,2924,Moyen,CDI,1
2042,1659,Mauvais,CDD,0
3602,7238,Mauvais,CDI,0
3422,2764,Mauvais,CDI,0
1837,4679,Mauvais,CDD,0
3444,3092,Moyen,CDI,1
3479,448,Moyen,CDI,1
2227,654,Moyen,CDD,1
3868,1238,Moyen,Freelance,1
3468,1245,Mauvais,CDI,0
3781,3114,Bon,CDI,1
3512,2569,Moyen,CDI,1
3504,5152,Moyen,CDI,1
2213,1037,Moyen,CDD,0
3733,1478,Mauvais,CDI,0
1782,3573,Mauvais,CDD,0
3459,1201,Moyen,CDI,1
4147,3622,Moyen,CDI,1
3543,960,Mauvais,CDI,0
4076,1163,Mauvais,CDI,0
3998,1209,Mauvais,Freelance,0
3844,3077,Moyen,CDI,1
4251,3757,Moyen,CDI,1
2013,1418,Moyen,CDD,1
3785,3518,Moyen,CDI,1
3654,1934,Mauvais,CDI,0
4261,8318,Bon,Freelance,0
3804,1237,Mauvais,CDI,0
3980,368,Moyen,CDI,1
2021,2122,Mauvais,CDD,0
3416,2996,Moyen,CDI,1
4090,9034,Moyen,Freelance,0
3631,1585,Mauvais,CDI,0
1729,1301,Moyen,CDD,1
3571,1323,Mauvais,CDI,0
3719,3123,Moyen,CDI,1
3974,5493,Moyen,CDI,1
3816,1126,Moyen,CDI,1
3636,1216,Mauvais,CDI,0
3350,1207,Moyen,CDI,1
2165,1309,Moyen,CDD,0
3478,2360,Mauvais,CDI,0
3965,6850,Bon,Freelance,0
3770,1413,Moyen,CDI,1
4122,8588,Moyen,Freelance,0
3509,759,Moyen,CDI,1
3877,4686,Moyen,Freelance,1
3765,2687,Moyen,CDI,1
3655,585,Mauvais,CDI,0
4070,2255,Moyen,CDI,1
3455,609,Mauvais,CDI,1
2086,1361,Mauvais,CDD,0
3592,7127,Mauvais,CDI,0
3734,1203,Moyen,CDI,1
3944,700,Mauvais,CDI,0
3750,5507,Mauvais,CDI,0
3767,3190,Moyen,CDI,1
4063,7119,Bon,CDI,1
3653,3488,Moyen,CDI,1
1746,1113,Moyen,CDD,0
3483,7966,Moyen,CDI,1
3422,1532,Mauvais,CDI,0
2265,1503,Mauvais,CDD,0
3537,2302,Moyen,CDI,1
1853,662,Moyen,CDD,1
3459,2273,Moyen,CDI,1
3532,2631,Moyen,CDI,1
3717,1503,Mauvais,CDI,0
3518,1311,Moyen,CDI,1
3501,3105,Moyen,CDI,1
3926,2319,Mauvais,CDI,1
4690,1374,Moyen,Freelance,1
3856,3612,Mauvais,CDI,0
3966,7763,Moyen,Freelance,0
1957,3049,Moyen,CDD,0
3549,1534,Moyen,CDI,1
4325,2032,Mauvais,CDI,0
3507,6350,Moyen,CDI,1
2084,2864,Moyen,CDD,0
2317,1255,Mauvais,CDD,0
3917,1333,Mauvais,CDI,1
4020,2022,Mauvais,CDI,0
3638,1552,Moyen,CDI,1
2090,626,Bon,CDD,1
3436,8858,Mauvais,CDI,0
3574,996,Mauvais,CDI,0
2082,1750,Bon,CDD,1
3817,6999,Moyen,CDI,1
3677,1995,Mauvais,CDI,0
4177,1199,Moyen,Freelance,1
3351,1331,Moyen,CDI,1
3667,2278,Bon,CDI,1
3424,5003,Bon,CDI,1
3620,3552,Bon,CDI,1
1832,1928,Mauvais,CDD,0
4174,2964,Moyen,CDI,1
1660,1546,Bon,CDD,1
3836,683,Mauvais,CDI,0
3599,12389,Moyen,CDI,0
4070,4712,Mauvais,Freelance,0
3705,1553,Mauvais,CDI,0
3997,1372,Moyen,CDI,1
3956,2578,Mauvais,CDI,0
3767,3979,Moyen,CDI,0
3754,6758,Moyen,CDI,1
2208,3234,Moyen,CDD,1
3725,5954,Mauvais,CDI,0
4209,5433,Moyen,Freelance,1
1619,806,Moyen,CDD,1
1876,1082,Moyen,CDD,1
3510,2788,Mauvais,CDI,0
3309,2930,Moyen,CDI,1
3513,1927,Mauvais,CDI,0
3678,2820,Mauvais,CDI,0
1699,937,Moyen,CDD,0
3495,1056,Mauvais,CDI,0
1968,3124,Mauvais,CDD,0
3528,1388,Moyen,CDI,1
1841,2384,Moyen,CDD,0
4301,2133,Moyen,Freelance,1
3262,2039,Moyen,CDI,1
3656,2799,Mauvais,CDI,0
2065,1289,Moyen,CDD,1
1839,1217,Moyen,CDD,0
3898,2246,Mauvais,CDI,0
2300,385,Mauvais,CDD,0
3914,1965,Mauvais,CDI,0
2084,1572,Moyen,CDD,1
2117,2718,Moyen,CDD,1
4375,1358,Bon,Freelance,1
2096,931,Bon,CDD,1
3267,1442,Moyen,CDI,1
2244,4241,Bon,CDD,1
3822,2775,Mauvais,CDI,0
3462,3863,Mauvais,CDI,0
3719,2329,Moyen,CDI,1
3434,918,Moyen,CDI,1
1747,1837,Bon,CDD,1
4236,3349,Moyen,Freelance,1
3245,1275,Moyen,CDI,1
3280,2828,Bon,CDI,1
4685,4526,Mauvais,Freelance,0
4098,2671,Moyen,CDI,1
3882,2051,Moyen,CDI,1
3608,1300,Moyen,CDI,1
3577,741,Moyen,CDI,1
1834,1240,Moyen,CDD,1
3406,3357,Moyen,CDI,1
3780,3632,Bon,CDI,1
3383,1808,Mauvais,CDI,0
4229,12204,Bon,Freelance,0
4207,9157,Mauvais,Freelance,0
3572,3676,Mauvais,CDI,0
3520,3441,Moyen,CDI,1
2012,640,Moyen,CDD,1
3358,3652,Mauvais,CDI,0
3615,1530,Mauvais,CDI,0
3858,3914,Moyen,CDI,1
3630,1858,Moyen,CDI,1
4177,2600,Moyen,CDI,1
3631,1979,Moyen,CDI,1
3743,2116,Moyen,CDI,1
3912,1437,Bon,CDI,1
3514,4042,Mauvais,CDI,0
2254,3832,Moyen,CDD,0
3422,3660,Moyen,CDI,1
3981,1553,Bon,CDI,1
3550,1444,Moyen,CDI,1
3282,1980,Moyen,CDI,1
1959,1355,Moyen,CDD,1
4039,1393,Moyen,CDI,1
3766,1376,Moyen,CDI,1
3522,15653,Mauvais,CDI,0
3658,1493,Moyen,CDI,1
3455,4370,Mauvais,CDI,0
680,750,Moyen,Sans emploi,0
2024,1308,Moyen,CDD,0
4441,4623,Moyen,Freelance,0
3500,1851,Mauvais,CDI,0
4382,1880,Mauvais,Freelance,0
3385,7980,Mauvais,CDI,0
3512,4583,Bon,CDI,1
3427,1386,Moyen,CDI,1
3653,947,Moyen,CDI,1
2100,684,Moyen,CDD,1
4329,7476,Moyen,Freelance,0
2192,1922,Moyen,CDD,1
3643,2303,Moyen,CDI,1
4465,8086,Mauvais,Freelance,0
3477,2346,Mauvais,CDI,0
3679,3973,Moyen,CDI,1
1909,888,Moyen,CDD,1
3580,10222,Moyen,CDI,0
3362,4221,Bon,CDI,1
3625,6361,Mauvais,CDI,0
3427,1297,Moyen,CDI,1
3339,900,Moyen,CDI,1
4023,2241,Moyen,CDI,1
4369,1050,Mauvais,Freelance,0
2109,1047,Mauvais,CDD,0
4050,6314,Mauvais,Freelance,0
3604,3496,Bon,CDI,1
3499,3609,Bon,CDI,1
3637,4843,Mauvais,CDI,0
3665,3017,Mauvais,CDI,0
1685,4139,Mauvais,CDD,0
3767,5742,Moyen,CDI,0
3924,10366,Moyen,Freelance,0
3725,2080,Mauvais,CDI,0
2238,2580,Mauvais,CDD,0
4164,4530,Mauvais,Freelance,0
3907,5150,Mauvais,CDI,0
3492,5595,Moyen,CDI,1
2343,2384,Moyen,CDD,1
3635,1453,Moyen,CDI,1
3785,1538,Moyen,CDI,1
4000,2279,Moyen,CDI,1
3472,1478,Mauvais,CDI,0
3677,5103,Mauvais,CDI,0
1903,9857,Mauvais,CDD,0
3456,6527,Moyen,CDI,0
3425,1347,Mauvais,CDI,0
3563,2862,Mauvais,CDI,0
3663,2753,Moyen,CDI,1
3420,3651,Moyen,CDI,1
3624,975,Mauvais,CDI,1
1731,2631,Moyen,CDD,0
3382,2896,Moyen,CDI,1
2292,4716,Mauvais,CDD,0
3656,2284,Moyen,CDI,1
3675,1236,Moyen,CDI,1
3591,1103,Moyen,CDI,1
500,926,Mauvais,Sans emploi,0
3512,1800,Mauvais,CDI,1
4202,1905,Moyen,Freelance,1
1700,1123,Moyen,CDD,1
4115,6331,Mauvais,CDI,0
4078,1377,Moyen,CDI,1
3542,2503,Mauvais,CDI,0
3457,2528,Moyen,CDI,1
3640,5324,Moyen,CDI,1
3645,6560,Moyen,CDI,1
3639,2969,Bon,CDI,1
3800,1206,Moyen,CDI,1
1996,2118,Moyen,CDD,1
3826,629,Mauvais,Freelance,0
3427,1198,Bon,CDI,1
4322,2476,Moyen,Freelance,1
2132,1138,Mauvais,CDD,0
4043,14027,Moyen,Freelance,0
4350,7596,Mauvais,CDI,0
3514,3077,Mauvais,CDI,0
4011,1505,Moyen,Freelance,1
3849,3148,Mauvais,CDI,0
3392,6148,Bon,CDI,1
3878,1337,Bon,Freelance,1
3532,433,Bon,CDI,1
1850,1228,Moyen,CDD,0
1915,790,Moyen,CDD,1
3688,2570,Moyen,CDI,1
1830,250,Mauvais,CDD,0
2271,1316,Mauvais,CDD,0
3419,1882,Moyen,CDI,1
4309,6416,Bon,CDI,1
3651,1275,Mauvais,CDI,1
3419,6403,Mauvais,CDI,0
2184,1987,Moyen,CDD,1
2113,760,Moyen,CDD,1
3386,2603,Moyen,CDI,1
3687,3380,Mauvais,CDI,0
500,3990,Bon,Sans emploi,0
3875,11560,Moyen,Freelance,0
1785,4380,Moyen,CDD,0
4177,6761,Mauvais,Freelance,0
1740,4280,Bon,CDD,1
3849,2325,Bon,CDI,1
1648,1048,Bon,CDD,1
3883,3160,Moyen,CDI,1
3824,2483,Bon,CDI,1
4353,14179,Mauvais,Freelance,0
2064,1797,Mauvais,CDD,0
3762,2511,Moyen,CDI,1
1966,1274,Moyen,CDD,1
3609,5248,Moyen,CDI,1
3837,3029,Moyen,CDI,1
3949,428,Moyen,CDI,1
1991,976,Moyen,CDD,1
1903,841,Moyen,CDD,1
3711,5771,Mauvais,CDI,0
4001,1555,Mauvais,CDI,0
3961,1285,Moyen,CDI,1
702,1299,Mauvais,Sans emploi,0
4000,1271,Mauvais,CDI,1
3714,1393,Moyen,CDI,1
3870,691,Mauvais,CDI,0
4134,5045,Mauvais,CDI,0
3396,2124,Mauvais,CDI,0
1862,2214,Moyen,CDD,0
4342,12680,Mauvais,Freelance,0
3344,2463,Mauvais,CDI,0
1928,1155,Moyen,CDD,1
2202,3108,Moyen,CDD,0
3587,2901,Moyen,CDI,1
3325,3617,Mauvais,CDI,0
2136,1655,Mauvais,CDD,0
3757,2812,Moyen,CDI,1
3824,8065,Mauvais,Freelance,0
3863,3275,Mauvais,Freelance,0
3797,2223,Mauvais,CDI,0
703,1480,Mauvais,Sans emploi,0
3848,1371,Moyen,CDI,1
3895,3535,Mauvais,CDI,0
3468,3509,Moyen,CDI,1
4271,5711,Mauvais,Freelance,0
3930,3872,Moyen,CDI,1
3709,4933,Mauvais,CDI,0
3972,1940,Mauvais,CDI,0
1954,1410,Bon,CDD,1
1940,836,Moyen,CDD,1
4509,6468,Moyen,Freelance,0
1792,1941,Moyen,CDD,1
3724,2675,Moyen,CDI,1
4001,2751,Mauvais,CDI,0
3762,6224,Mauvais,CDI,0
3444,5998,Mauvais,CDI,0
4043,1188,Moyen,CDI,1
3910,6313,Moyen,Freelance,0
3394,1221,Mauvais,CDI,0
3984,2892,Moyen,CDI,1
3929,3062,Moyen,CDI,1
3368,2301,Moyen,CDI,1
4175,7511,Moyen,CDI,1
1868,1258,Mauvais,CDD,0
3719,717,Mauvais,CDI,1
500,1549,Moyen,Sans emploi,0
3881,1597,Mauvais,CDI,0
1752,1795,Mauvais,CDD,0
3427,4272,Mauvais,CDI,0
4020,976,Mauvais,CDI,0
520,7472,Moyen,Sans emploi,0
3578,9271,Moyen,CDI,0
1958,590,Moyen,CDD,1
4424,930,Mauvais,CDI,1
4468,9283,Bon,Freelance,0
500,1778,Bon,Sans emploi,0
3870,907,Moyen,CDI,1
1957,484,Moyen,CDD,1
3495,9629,Mauvais,CDI,0
4043,3051,Moyen,CDI,1
3965,3931,Moyen,CDI,1
4168,7432,Mauvais,CDI,0
3966,1338,Moyen,CDI,1
3847,1554,Mauvais,CDI,0
4476,15857,Moyen,Freelance,0
3802,1345,Moyen,CDI,1
3600,1101,Moyen,CDI,1
3579,3016,Moyen,CDI,1
4086,2712,Moyen,CDI,1
2083,731,Mauvais,CDD,0
4078,3780,Mauvais,Freelance,0
3619,1602,Mauvais,CDI,1
3685,3966,Mauvais,CDI,0
3604,4165,Bon,CDI,1
3609,8335,Moyen,CDI,0
3848,6681,Mauvais,CDI,0
3637,2375,Mauvais,CDI,0
3654,1216,Moyen,CDI,1
3908,11816,Bon,CDI,1
3661,5084,Moyen,CDI,1
1666,2327,Moyen,CDD,0
3708,1082,Bon,CDI,1
3616,886,Moyen,CDI,1
1910,601,Moyen,CDD,1
4139,2957,Mauvais,CDI,0
4115,2611,Mauvais,CDI,0
3756,5179,Moyen,CDI,1
1662,2993,Mauvais,CDD,0
3819,1943,Moyen,CDI,1
3792,1559,Bon,CDI,1
3749,3422,Moyen,CDI,1
3649,3976,Moyen,CDI,1
4422,6761,Moyen,CDI,1
3423,1249,Moyen,CDI,1
3823,1364,Moyen,CDI,1
1982,709,Moyen,CDD,1
3973,2235,Mauvais,CDI,0
3935,4042,Mauvais,CDI,0
3603,1471,Mauvais,CDI,0
2213,1442,Bon,CDD,1
4022,10875,Mauvais,CDI,0
3894,1474,Moyen,CDI,1
3514,894,Moyen,CDI,1
3608,3343,Mauvais,CDI,0
3812,3959,Moyen,CDI,1
3520,3577,Moyen,CDI,1
3724,5804,Mauvais,CDI,0
3476,2169,Mauvais,CDI,0
3974,2439,Moyen,CDI,1
2100,4526,Mauvais,CDD,0
1721,2210,Moyen,CDD,1
3610,2221,Moyen,CDI,1
3593,2389,Moyen,CDI,1
3783,3331,Mauvais,CDI,0
3650,7409,Moyen,CDI,0
3857,652,Moyen,CDI,1
4021,7678,Mauvais,CDI,0
4106,1343,Mauvais,CDI,0
3407,1382,Mauvais,CDI,0
3418,874,Moyen,CDI,1
1872,3590,Moyen,CDD,1
3715,1322,Mauvais,CDI,0
3874,1940,Bon,Freelance,1
3476,3595,Moyen,CDI,1
4030,1422,Moyen,Freelance,0
3596,6742,Mauvais,CDI,0
3926,7814,Moyen,Freelance,0
3943,9277,Moyen,CDI,0
3569,2181,Mauvais,CDI,0
610,1098,Mauvais,Sans emploi,0
3639,4057,Moyen,CDI,1
3986,795,Moyen,CDI,1
3692,2825,Mauvais,CDI,0
3313,15672,Moyen,CDI,0
3850,6614,Mauvais,Freelance,0
3753,7824,Bon,CDI,1
4479,2442,Mauvais,Freelance,0
3723,1829,Mauvais,CDI,0
1712,2171,Mauvais,CDD,0
3755,5800,Mauvais,CDI,0
3636,1169,Mauvais,CDI,0
4172,8947,Mauvais,Freelance,0
4175,2606,Moyen,Freelance,1
3642,1592,Mauvais,CDI,0
1805,2186,Moyen,CDD,0
3739,4153,Moyen,CDI,1
4004,2625,Mauvais,CDI,0
3915,3485,Mauvais,CDI,0
3853,10477,Mauvais,CDI,0
3632,1386,Moyen,CDI,1
3986,1278,Moyen,Freelance,1
3805,1107,Moyen,Freelance,1
1997,3763,Moyen,CDD,0
3355,3711,Moyen,CDI,0
1758,3594,Mauvais,CDD,0
2126,3195,Moyen,CDD,1
3705,4454,Mauvais,CDI,0
1921,4736,Mauvais,CDD,0
3681,2991,Moyen,CDI,1
3724,2142,Moyen,CDI,1
3710,3161,Bon,CDI,1
4239,18424,Bon,Freelance,0
3561,2848,Moyen,CDI,1
4180,14896,Moyen,Freelance,0
3961,2359,Moyen,CDI,1
4260,3345,Moyen,Freelance,1
3750,1817,Mauvais,CDI,0
4178,12749,Mauvais,Freelance,0
3366,1366,Moyen,CDI,1
3551,2002,Moyen,CDI,1
4160,6872,Bon,CDI,1
3902,697,Bon,CDI,1
3331,1049,Mauvais,CDI,0
4059,10297,Moyen,CDI,0
4013,1867,Moyen,CDI,1
2251,1344,Mauvais,CDD,0
1694,1747,Moyen,CDD,1
3615,1670,Moyen,CDI,1
3559,1224,Mauvais,CDI,0
4004,522,Mauvais,CDI,0
3662,1498,Moyen,CDI,1
4146,1919,Mauvais,Freelance,0
2168,745,Moyen,CDD,1
3978,2063,Moyen,Freelance,1
3711,6288,Moyen,CDI,1
3984,6842,Mauvais,Freelance,0
4129,3527,Moyen,Freelance,1
2155,1546,Moyen,CDD,1
3525,929,Moyen,CDI,1
1886,1455,Mauvais,CDD,0
3874,1845,Moyen,CDI,1
3412,8358,Bon,CDI,1
3505,3349,Bon,CDI,1
4348,2859,Moyen,Freelance,1
1763,1533,Moyen,CDD,0
3448,3621,Moyen,CDI,1
560,3590,Mauvais,Sans emploi,0
3407,2145,Mauvais,CDI,0
3661,4113,Moyen,CDI,1
4235,10974,Moyen,Freelance,0
3397,1893,Moyen,CDI,1
4429,1231,Mauvais,Freelance,0
2305,3656,Mauvais,CDD,0
2011,1154,Mauvais,CDD,0
1865,4006,Moyen,CDD,0
3564,3069,Moyen,CDI,1
3784,1740,Mauvais,CDI,0
3922,2353,Mauvais,CDI,0
3366,3556,Moyen,CDI,1
3709,2397,Moyen,CDI,1
1914,454,Moyen,CDD,1
3718,1715,Moyen,CDI,1
2091,2520,Mauvais,CDD,0
4325,3568,Moyen,Freelance,1
3478,7166,Moyen,CDI,0
2123,3939,Mauvais,CDD,0
3248,1514,Moyen,CDI,1
1732,7393,Moyen,CDD,0
789,1193,Bon,Sans emploi,0
3810,7297,Moyen,CDI,1
3569,2831,Mauvais,CDI,0
1978,1258,Moyen,CDD,1
4361,753,Moyen,CDI,1
3642,2427,Mauvais,CDI,0
1848,2538,Mauvais,CDD,0
3496,1264,Bon,CDI,1
3898,8386,Mauvais,CDI,0
3884,4844,Moyen,Freelance,0
4237,2923,Moyen,Freelance,1
3451,8229,Moyen,CDI,0
2029,2028,Mauvais,CDD,0
3361,1433,Mauvais,CDI,0
3449,6289,Bon,CDI,1
4335,1409,Moyen,CDI,1
3967,6579,Moyen,Freelance,0
2130,1743,Mauvais,CDD,0
2033,3565,Mauvais,CDD,0
1677,1569,Bon,CDD,1
1927,1936,Moyen,CDD,1
4242,3959,Moyen,Freelance,1
3977,2390,Moyen,CDI,1
1708,1736,Moyen,CDD,0
4138,3857,Moyen,Freelance,1
3698,804,Moyen,CDI,1
3823,1845,Moyen,CDI,1
3355,4576,Mauvais,CDI,0
